Bus_Name,Company_ID
Vũ Linh limousine,768
Ba Châu,13078
Văn Lang,11826
Trí Nhân,12911
Tuấn Hiệp,11899
Thiện Thành Limousine,21843
Hảo,12797
Trí Nhân Limousine,12911
Hà My,12507
Toàn Khải,46289
Giáp Diệp,12772
Tư Tiến,13184
Mạnh Hùng,11188
Ngọc Diễm,40437
Tân Niên,12462
Duy Thảo (Kiên Giang),44740
Dũng Lệ,12944
Hải Luân,36137
Liên Hưng,808
Hùng Cường - An Giang,529
Phước Thành - Thanh Tuấn,11121
Hiệp Thành,11715
Thiên Thiên Hương,12483
Huệ Nghĩa,11102
Mai Quyên,12558
Anh Chính,49740
Quang Hạnh (NT),46177
Quang Huy,13087
Yến Thông,24213
Lê Hải,12889
Mai Thảo,11875
An Hoà Hiệp,11720
Hữu Hậu,75
Thảo Châu,510
Duy Quý,20454
Minh Tâm,11877
Kim Anh (Bến Tre),27244
Bảo Quỳnh,25337
Ngọc Ánh (Sài Gòn),13043
Tuấn Nga (Kiên Giang),128
Kumho Samco,11194
Hiền Vân,12867
Hoàng Minh,11700
Bốn Luyện Express,37280
Hoàng Vũ,16452
Đức Thiên,12776
Mỹ Duyên,11212
Út Vân,19335
Tân Thanh Thuỷ,10891
Kim Hoàng,1041
Tân Phước Tài,32656
Bửu Châu,30886
Nguyên Vũ,12896
Thiên Bảo,34941
Quốc Hoàng,11852
Phương Anh (Phan Thiết),41516
Phú Vĩnh Long,34617
Tuấn Hưng,12473
Anh Tuấn (Bạc Liêu),12895
Mỹ Loan (Cà Mau),30191
Tiến Đạt (Bến Tre),48934
Bá Hải,23552
Đồng Tiến - Bến Tre,12739
